SET IDENTITY_INSERT dbo.Author ON;

INSERT INTO dbo.Author (Id, Name) VALUES
(1, 'George Orwell'), (2, 'J.R.R. Tolkien'), (3, 'J.K. Rowling'), (4, 'Fyodor Dostoevsky'), (5, 'Leo Tolstoy'),
(6, 'Harper Lee'), (7, 'F. Scott Fitzgerald'), (8, 'Jane Austen'), (9, 'Gabriel Garcia Marquez'), (10, 'Franz Kafka'),
(11, 'Albert Camus'), (12, 'John Steinbeck'), (13, 'Ernest Hemingway'), (14, 'Aldous Huxley'), (15, 'William Golding'),
(16, 'Antoine de Saint-Exupéry'), (17, 'Paulo Coelho'), (18, 'Dan Brown'), (19, 'Yuval Noah Harari'), (20, 'Stephen King'),
(21, 'Miguel de Cervantes'), (22, 'Victor Hugo'), (23, 'Charles Dickens'), (24, 'Mark Twain'), (25, 'Hermann Hesse'),
(26, 'Jack London'), (27, 'Jules Verne'), (28, 'Alexandre Dumas'), (29, 'Mary Shelley'), (30, 'Bram Stoker'),
(31, 'Oscar Wilde'), (32, 'Sun Tzu'), (33, 'Niccolò Machiavelli'), (34, 'Isaac Asimov'), (35, 'Arthur C. Clarke'),
(36, 'Philip K. Dick'), (37, 'Frank Herbert'), (38, 'Douglas Adams'), (39, 'C.S. Lewis'), (40, 'Agatha Christie'),
(41, 'Arthur Conan Doyle'), (42, 'Edgar Allan Poe'), (43, 'H.P. Lovecraft'), (44, 'Sabahattin Ali'), (45, 'Orhan Pamuk'),
(46, 'Yaşar Kemal'), (47, 'Oğuz Atay'), (48, 'Peyami Safa'), (49, 'Halide Edib Adıvar'), (50, 'Reşat Nuri Güntekin'),
(51, 'Ahmet Hamdi Tanpınar'), (52, 'İhsan Oktay Anar'), (53, 'Dante Alighieri'), (54, 'Homer'), (55, 'Montaigne');

SET IDENTITY_INSERT dbo.Author OFF;
SET IDENTITY_INSERT dbo.Category ON;

-- Kategoriler (Categories)
-- Mevcut kategori listesi yeterli görünüyor, yenileri eklenebilir.
INSERT INTO dbo.Category (Id, Name, ParentId) VALUES
(1, 'Edebiyat', NULL), (2, 'Bilim Kurgu', 1), (3, 'Fantastik', 1), (4, 'Klasikler', 1), (5, 'Distopya', 2),
(6, 'Roman', 1), (7, 'Tarih', NULL), (8, 'Felsefe', NULL), (9, 'Gizem', 1), (10, 'Çocuk ve Gençlik', 1),
(11, 'Korku', 1), (12, 'Polisiye', 9), (13, 'Türk Edebiyatı', 1), (14, 'Deneme', 1), (15, 'Şiir', 1);

SET IDENTITY_INSERT dbo.Category OFF;
SET IDENTITY_INSERT dbo.Tag ON;

-- Etiketler (Tags)
-- Önceki 15 etiket + 21 yeni etiket
INSERT INTO dbo.Tag (Id, Name) VALUES
(1, 'Macera'), (2, 'Totaliter Rejim'), (3, 'Büyü'), (4, 'Orta Dünya'), (5, 'Suç ve Ceza'), (6, 'Aşk'),
(7, 'Amerikan Rüyası'), (8, 'Toplumsal Eleştiri'), (9, 'Yalnızlık'), (10, 'Varoluşçuluk'), (11, 'Hayatta Kalma'),
(12, 'Gelecek'), (13, 'Savaş'), (14, 'Popüler Bilim'), (15, 'Gerilim'), (16, 'Şövalyelik'), (17, 'Sanayi Devrimi'),
(18, 'Amerikan Edebiyatı'), (19, 'Kişisel Gelişim'), (20, 'Bilimsel Keşif'), (21, 'Gotik Edebiyat'), (22, 'Strateji'),
(23, 'Politik Felsefe'), (24, 'Ekonomi'), (25, 'Komünizm'), (26, 'Fütürizm'), (27, 'Uzay Macerası'), (28, 'Yapay Zeka'),
(29, 'Cyberpunk'), (30, 'Mizah'), (31, 'Narnia'), (32, 'Dedektiflik'), (33, 'Türk Klasikleri'), (34, 'Postmodernizm'),
(35, 'Psikolojik Roman'), (36, 'Epik Şiir');



SET IDENTITY_INSERT dbo.Tag OFF;

SET IDENTITY_INSERT dbo.Books ON;

INSERT INTO dbo.Books (Id, ISBN, Title, TotalCopies, AvailableCopies, Location, PublishedDate, Summary) VALUES
-- İlk 20 Kitap
(1, '9780451524935', '1984', 10, 7, 'A-101', '1949-06-08', 'Totaliter bir rejim altında yaşayan Winston Smith''in gerçeği arayışını ve sisteme karşı isyanını anlatan distopik bir başyapıt. Gözetim toplumunu, sansürü ve bireyselliğin yok edilişini etkileyici bir dille işler.'),
(2, '9780618640157', 'Yüzüklerin Efendisi: Yüzük Kardeşliği', 15, 12, 'B-203', '1954-07-29', 'Orta Dünya''da geçen bu epik fantezi, Frodo Baggins adlı bir hobbitin, dünyayı karanlığa boğabilecek tek yüzüğü yok etme görevini üstlenmesini anlatır. Macera, dostluk ve iyilikle kötülüğün savaşı üzerine kuruludur.'),
(3, '9780747532743', 'Harry Potter ve Felsefe Taşı', 20, 18, 'C-305', '1997-06-26', 'Sıradan bir çocuk olduğunu sanan Harry Potter''ın, on birinci doğum gününde bir büyücü olduğunu öğrenmesi ve Hogwarts Cadılık ve Büyücülük Okulu''nda maceralara atılmasını konu alır.'),
(4, '9780140449136', 'Suç ve Ceza', 8, 5, 'A-102', '1866-01-01', 'Fakir bir öğrenci olan Raskolnikov''un, ahlaki sınırları zorlayarak işlediği bir cinayetin ardından yaşadığı psikolojik gelgitleri ve vicdan azabını derinlemesine inceleyen bir Rus klasiği.'),
(5, '9780140447934', 'Anna Karenina', 7, 7, 'A-103', '1877-01-01', '19. yüzyıl Rus toplumunda, evli ve saygın bir kadın olan Anna''nın, yakışıklı subay Vronsky ile yaşadığı yasak aşkı ve bu aşkın trajik sonuçlarını anlatan unutulmaz bir eser.'),
(6, '9780061120084', 'Bülbülü Öldürmek', 12, 10, 'D-401', '1960-07-11', 'Amerika''nın güneyinde, 1930''ların ırkçılık ve adaletsizlik ortamında, bir avukatın haksız yere suçlanan siyahi bir adamı savunmasını ve çocuklarının gözünden adalet kavramını sorgulamasını anlatır.'),
(7, '9780743273565', 'Muhteşem Gatsby', 9, 6, 'D-402', '1925-04-10', '1920''lerin "Caz Çağı" Amerikası''nda, zengin ve gizemli Jay Gatsby''nin, geçmişteki aşkı Daisy''ye ulaşma çabasını ve Amerikan Rüyası''nın çöküşünü anlatan bir romandır.'),
(8, '9780141439518', 'Aşk ve Gurur', 14, 11, 'A-104', '1813-01-28', 'Elizabeth Bennet ve Bay Darcy arasındaki karmaşık ilişki üzerinden, 19. yüzyıl İngiltere''sindeki sınıf farklılıklarını, evlilik ve ahlak anlayışını ironik bir dille ele alan bir klasiktir.'),
(9, '9780060883287', 'Yüzyıllık Yalnızlık', 6, 4, 'E-501', '1967-05-30', 'Buendia ailesinin birçok neslini kapsayan bu büyülü gerçekçilik akımının başyapıtı, Macondo adlı kurgusal bir kasabanın kuruluşunu, yükselişini ve çöküşünü efsanevi bir dille anlatır.'),
(10, '9780805211357', 'Dönüşüm', 11, 9, 'F-601', '1915-10-01', 'Gregor Samsa''nın bir sabah kendini dev bir böceğe dönüşmüş olarak bulmasıyla başlayan eser, modern toplumda bireyin yabancılaşmasını, aile bağlarının kopuşunu ve varoluşsal kaygıları işler.'),
(11, '9780679720218', 'Yabancı', 10, 8, 'F-602', '1942-01-01', 'Cezayir''de yaşayan Fransız Meursault''un, annesinin ölümüne ve işlediği bir cinayete karşı gösterdiği kayıtsızlığı anlatan, absürdizm ve varoluşçuluk felsefesinin temel metinlerinden biridir.'),
(12, '9780140177398', 'Gazap Üzümleri', 8, 6, 'D-403', '1939-04-14', '1930''ların Büyük Buhran döneminde, topraklarını kaybeden Joad ailesinin Oklahoma''dan Kaliforniya''ya umut dolu yolculuğunu ve yolda karşılaştıkları zorlukları anlatan güçlü bir toplumsal eleştiridir.'),
(13, '9780684801223', 'Yaşlı Adam ve Deniz', 15, 15, 'G-701', '1952-09-01', 'Kübalı yaşlı bir balıkçı olan Santiago''nun, 84 gündür balık tutamadıktan sonra dev bir kılıçbalığıyla olan amansız mücadelesini anlatan, insanın doğa karşısındaki azmi ve kararlılığı üzerine bir novella.'),
(14, '9780060850524', 'Cesur Yeni Dünya', 9, 7, 'B-204', '1932-01-01', 'Teknolojinin ve genetik mühendisliğin insanları kontrol ettiği, duyguların ve bireyselliğin yok edildiği bir gelecek toplumunu tasvir eden, 1984 gibi önemli bir distopik romandır.'),
(15, '9780399501487', 'Sineklerin Tanrısı', 10, 9, 'H-801', '1954-09-17', 'Issız bir adaya düşen bir grup İngiliz okul çocuğunun, medeniyetten uzaklaştıkça nasıl vahşileştiğini ve hayatta kalma mücadelesinin karanlık yönlerini gösteren alegorik bir romandır.'),
(16, '9780156012195', 'Küçük Prens', 25, 22, 'C-306', '1943-04-06', 'Bir pilotun Sahra Çölü''nde karşılaştığı küçük bir prensin gözünden yetişkinlerin dünyasını sorgulayan, dostluk, sevgi ve kayıp üzerine yazılmış felsefi bir masaldır.'),
(17, '9780061122415', 'Simyacı', 18, 15, 'I-901', '1988-01-01', 'Endülüslü çoban Santiago''nun, kişisel menkıbesini (hayat amacını) bulmak için Mısır Piramitleri''ne yaptığı mistik yolculuğu anlatan, umut ve hayallerin peşinden gitme üzerine ilham verici bir hikaye.'),
(18, '9780307474278', 'Da Vinci Şifresi', 13, 10, 'J-1001', '2003-03-18', 'Harvard Üniversitesi simgebilim profesörü Robert Langdon''un, Paris''te işlenen bir cinayeti çözmeye çalışırken kendisini Hristiyanlık tarihinin en büyük sırlarından birinin içinde bulduğu, nefes kesen bir gerilim romanı.'),
(19, '9780062316097', 'Sapiens: İnsan Türünün Kısa Bir Tarihi', 16, 14, 'K-1101', '2011-01-01', 'İnsan türünün (Homo sapiens) yüz binlerce yıl önceki başlangıcından günümüzdeki teknolojik devrimlere kadar olan evrimini, bilişsel, tarımsal ve bilimsel devrimler ekseninde anlatan popüler bir tarih kitabı.'),
(20, '9780307743657', 'Medyum (The Shining)', 9, 8, 'L-1201', '1977-01-28', 'Yazar Jack Torrance''ın, kışın kapalı olan Overlook Oteli''nde bakıcılık yapmaya başlamasıyla birlikte, otelin karanlık geçmişinin ve doğaüstü güçlerinin ailesi üzerindeki korkunç etkilerini anlatan bir korku klasiği.'),

-- Yeni 80 Kitap
(21, '9780142437230', 'Don Kişot', 10, 8, 'A-105', '1605-01-16', 'Şövalye romanlarına olan tutkusu yüzünden aklını yitiren ve kendini gezgin bir şövalye ilan eden bir asilzadenin, sadık yaveri Sancho Panza ile birlikte çıktığı trajikomik maceraları konu alır.'),
(22, '9780451527936', 'Sefiller', 8, 6, 'A-106', '1862-01-01', 'Bir somun ekmek çaldığı için kürek cezasına çarptırılan Jean Valjean''ın, özgürlüğüne kavuştuktan sonraki hayatını, adalet, ahlak ve ilahi lütuf kavramları etrafında anlatan epik bir roman.'),
(23, '9780141439600', 'İki Şehrin Hikayesi', 9, 9, 'A-107', '1859-04-30', 'Fransız Devrimi sırasında Paris ve Londra''da geçen hikaye, fedakarlık, aşk ve devrimin getirdiği toplumsal çalkantıları Charles Darnay ve Sydney Carton karakterleri üzerinden işler.'),
(24, '9780143039563', 'Tom Sawyer''ın Maceraları', 15, 12, 'D-404', '1876-01-01', 'Mississippi Nehri kıyısındaki bir kasabada yaşayan yaramaz ama iyi kalpli Tom Sawyer''ın, arkadaşı Huckleberry Finn ile birlikte yaşadığı heyecan dolu maceraları ve çocukluk hayallerini anlatır.'),
(25, '9780553208844', 'Siddhartha', 12, 10, 'F-603', '1922-01-01', 'Genç bir Brahman olan Siddhartha''nın, ruhsal aydınlanmayı ve bilgeliği aramak için çıktığı yolculuğu, farklı yaşam tarzları ve felsefelerle tanışmasını konu alan felsefi bir romandır.'),
(26, '9780486264721', 'Vahşetin Çağrısı', 14, 11, 'G-702', '1903-01-01', 'Evcil bir köpek olan Buck''ın, Altına Hücum döneminde Alaska''da bir kızak köpeği olarak hayatta kalma mücadelesini ve içgüdülerine dönerek vahşi doğaya uyum sağlamasını anlatır.'),
(27, '9780140449273', 'Denizler Altında Yirmi Bin Fersah', 11, 9, 'B-205', '1870-03-20', 'Kaptan Nemo''nun komutasındaki Nautilus adlı denizaltıyla okyanusların derinliklerini keşfeden Profesör Aronnax''ın başından geçenleri anlatan, bilim kurgunun öncü eserlerinden biridir.'),
(28, '9780140440157', 'Monte Kristo Kontu', 7, 5, 'E-502', '1844-08-28', 'Haksız yere hapsedilen genç denizci Edmond Dantès''in, hapisten kaçıp inanılmaz bir servete kavuştuktan sonra, kendisine ihanet edenlerden aldığı ustaca intikamın hikayesidir.'),
(29, '9780486280614', 'Frankenstein', 9, 7, 'L-1202', '1818-01-01', 'Genç bilim insanı Victor Frankenstein''ın, ölü parçalardan bir canlı yaratarak Tanrı rolüne soyunmasının ve yarattığı "canavar" ile olan trajik ilişkisinin anlatıldığı gotik bir korku klasiğidir.'),
(30, '9780486411095', 'Dracula', 8, 6, 'L-1203', '1897-05-26', 'Kont Dracula adlı asil bir vampirin, Transilvanya''dan İngiltere''ye gelerek karanlığını yayma girişimini ve Abraham Van Helsing liderliğindeki bir grubun onunla mücadelesini anlatan mektup formatında bir roman.'),
(31, '9780141441771', 'Dorian Gray''in Portresi', 10, 10, 'F-604', '1890-07-01', 'Güzelliğine takıntılı genç Dorian Gray''in, kendisi hiç yaşlanmazken, günahlarının ve ahlaki çöküşünün kendi portresine yansımasını anlatan, ahlak ve sanat üzerine felsefi bir eserdir.'),
(32, '9781599869773', 'Savaş Sanatı', 20, 17, 'K-1102', '1772-01-01', 'Antik Çinli general Sun Tzu tarafından yazılan bu eser, sadece askeri stratejiler değil, aynı zamanda iş dünyası ve günlük yaşamda uygulanabilecek taktikler ve liderlik ilkeleri sunan bir başucu kitabıdır.'),
(33, '9780140449150', 'Prens', 15, 13, 'K-1103', '1532-01-01', 'Niccolò Machiavelli''nin, bir hükümdarın gücü nasıl ele geçirebileceğini ve nasıl koruyabileceğini anlattığı, siyaset felsefesinin en etkili ve tartışmalı eserlerinden biridir.'),
(34, '9780553803716', 'Vakıf', 12, 9, 'B-206', '1951-01-01', 'Galaktik İmparatorluğun çöküşünü öngören matematikçi Hari Seldon''ın, insanlığın bilgi birikimini korumak ve karanlık çağ süresini kısaltmak için kurduğu Vakıf''ın bin yıllık hikayesini anlatır.'),
(35, '9780451457998', '2001: Bir Uzay Destanı', 10, 8, 'B-207', '1968-01-01', 'İnsanlığın evriminin gizemli monolitler tarafından yönlendirildiği fikrinden yola çıkarak, Jüpiter''e yapılan bir uzay yolculuğunda HAL 9000 adlı yapay zekanın kontrolden çıkmasını konu alır.'),
(36, '9780345339683', 'Androidler Elektrikli Koyun Düşler mi?', 9, 8, 'B-208', '1968-01-01', 'Nükleer savaş sonrası bir dünyada, insanlardan ayırt edilemeyen kaçak "androidleri" avlayan ödül avcısı Rick Deckard''ın, insan olmanın ne anlama geldiğini sorguladığı bir bilim kurgu noir.'),
(37, '9780441013593', 'Dune', 14, 11, 'B-209', '1965-08-01', 'Evrenin en değerli maddesi olan "baharatın" tek kaynağı olan çöl gezegeni Arrakis''in kontrolü için soylu hanedanlar arasında geçen politik, dini ve ekolojik mücadeleyi konu alan epik bir eser.'),
(38, '9780345391803', 'Otostopçunun Galaksi Rehberi', 18, 15, 'B-210', '1979-10-12', 'Dünya''nın bir hiperuzay kestirme yolu inşaatı için yok edilmesinden saniyeler önce kurtulan Arthur Dent''in, arkadaşı Ford Prefect ile birlikte galakside yaşadığı absürt ve komik maceraları anlatır.'),
(39, '9780064471046', 'Aslan, Cadı ve Dolap', 16, 13, 'C-307', '1950-10-16', 'Pevensie kardeşlerin, sihirli bir gardırop aracılığıyla Narnia adlı fantastik bir dünyaya geçerek, konuşan hayvanlar ve mitolojik yaratıklarla birlikte Beyaz Cadı''ya karşı verdikleri mücadeleyi anlatır.'),
(40, '9780062073488', 'Doğu Ekspresinde Cinayet', 20, 18, 'J-1002', '1934-01-01', 'Karda mahsur kalan lüks bir trende işlenen bir cinayeti, dahi dedektif Hercule Poirot''nun, birbirinden şüpheli yolcular arasındaki katili bulma çabasını konu alan bir polisiye klasiği.'),
(41, '9780140436341', 'Sherlock Holmes: Kızıl Soruşturma', 17, 14, 'J-1003', '1887-01-01', 'Dr. John Watson''ın, eksantrik dedektif Sherlock Holmes ile tanışmasını ve birlikte çözdükleri ilk vaka olan, esrarengiz bir cinayetin ardındaki sır perdesini aralamalarını anlatır.'),
(42, '9780486268712', 'Kuzgun ve Diğer Şiirler', 13, 11, 'L-1204', '1845-01-29', 'Edgar Allan Poe''nun en ünlü şiiri "Kuzgun"u ve diğer gotik, karanlık ve melankolik temalı eserlerini içeren, Amerikan romantizminin önemli bir derlemesidir.'),
(43, '9780141187491', 'Cthulhu''nun Çağrısı', 10, 8, 'L-1205', '1928-02-01', 'Kozmik korku türünün temelini atan bu hikayede, kadim ve kötücül bir varlık olan Cthulhu''nun uyanışını ve insan aklının kavrayamayacağı dehşetleri araştıran bir adamın notları anlatılır.'),
(44, '9789753638029', 'Kürk Mantolu Madonna', 25, 20, 'M-1301', '1943-01-01', 'Sessiz ve içine kapanık bir memur olan Raif Efendi''nin, gençliğinde Berlin''de yaşadığı tutkulu ve hüzünlü aşk hikayesini, onun not defterinden okuyan bir iş arkadaşının gözünden anlatır.'),
(45, '9789750808620', 'Benim Adım Kırmızı', 12, 10, 'M-1302', '1998-01-01', '16. yüzyıl Osmanlı İstanbul''unda, padişahın emriyle hazırlanan gizli bir kitap için çalışan nakkaşlardan birinin öldürülmesiyle başlayan, sanat, aşk, kimlik ve cinayet üzerine kurulu postmodern bir roman.'),
(46, '9789750807104', 'İnce Memed', 15, 12, 'M-1303', '1955-01-01', 'Toroslar''da ağalık düzenine ve haksızlığa başkaldıran yoksul bir köy genci olan Memed''in, bir eşkıyaya dönüşerek adalet arayışını anlatan, Türk edebiyatının en önemli epik romanlarından biridir.'),
(47, '9789750500858', 'Tutunamayanlar', 10, 7, 'M-1304', '1972-01-01', 'Arkadaşı Selim Işık''ın intiharının ardındaki nedenleri araştıran Turgut Özben''in, modern toplumun dayattığı normlara ve kimliklere tutunamayan bireylerin iç dünyasına yaptığı yolculuğu anlatan, postmodern Türk edebiyatının temel taşı.'),
(48, '9789754370493', 'Dokuzuncu Hariciye Koğuşu', 18, 16, 'M-1305', '1930-01-01', 'Kemik veremi olan genç bir hastanın, hastane koridorlarında, çocukluk aşkı Nüzhet''e olan hisleri ve hastalıkla mücadelesi arasında yaşadığı psikolojik gerilimleri anlatan otobiyografik bir roman.'),
(49, '9789750720562', 'Sinekli Bakkal', 14, 11, 'M-1306', '1936-01-01', 'II. Abdülhamit döneminde, Aksaray''ın Sinekli Bakkal mahallesinde yaşayan ve geleneksel sanatlarla Batı müziği arasında bir sentez oluşturan Rabia''nın hayatı üzerinden Doğu-Batı çatışmasını ele alır.'),
(50, '9789751021272', 'Çalıkuşu', 20, 17, 'M-1307', '1922-01-01', 'İstanbullu idealist bir genç kız olan Feride''nin, nişanlısının ihaneti üzerine Anadolu''nun çeşitli köy ve kasabalarında öğretmenlik yaparak kendi ayakları üzerinde durma mücadelesini anlatan bir klasiktir.'),
-- 51-100 arası kitaplar...
(51, '9789759952548', 'Saatleri Ayarlama Enstitüsü', 11, 9, 'M-1308', '1961-01-01', 'Hayri İrdal''ın anıları üzerinden, modernleşme sürecindeki Türk toplumunun Doğu ile Batı, eski ile yeni arasındaki sıkışmışlığını, zaman ve bürokrasi kavramlarını ironik bir dille eleştiren bir eser.'),
(52, '9789750500834', 'Puslu Kıtalar Atlası', 13, 10, 'M-1309', '1995-01-01', '17. yüzyıl İstanbul''unda, düş ile gerçeğin iç içe geçtiği, felsefe ve tarihin harmanlandığı, Uzun İhsan Efendi''nin dünyayı bir atlas gibi zihninde canlandırma çabasını anlatan büyülü bir roman.'),
(53, '9780142437223', 'İlahi Komedya', 8, 6, 'A-108', '1472-01-01', 'Dante''nin, Cehennem, Araf ve Cennet''e yaptığı hayali yolculuğu anlatan, Hristiyan teolojisi, felsefe ve Orta Çağ dünya görüşünü bir araya getiren epik bir şiirdir.'),
(54, '9780140275360', 'Odysseia', 9, 7, 'A-109', '1800-01-01', 'Truva Savaşı''nın kahramanlarından Odysseus''un, savaştan sonra vatanı İthaka''ya on yıl süren macera dolu ve zorlu dönüş yolculuğunu anlatan destansı bir eser.'),
(55, '9780140446041', 'Denemeler', 10, 8, 'F-605', '1580-01-01', 'Montaigne''in insanlık durumu, ahlak, eğitim, dostluk gibi evrensel temalar üzerine kişisel düşüncelerini ve gözlemlerini samimi bir dille aktardığı, deneme türünün kurucu metnidir.'),
(56, '9780141439594', 'Jane Eyre', 12, 10, 'A-110', '1847-10-16', 'Zor bir çocukluk geçiren yetim Jane Eyre''in, mürebbiye olarak çalıştığı malikanenin gizemli sahibi Bay Rochester ile olan tutkulu ve çalkantılı aşkını konu alan gotik ve romantik bir roman.'),
(57, '9780553213114', 'Savaş ve Barış', 6, 4, 'A-111', '1869-01-01', 'Napolyon''un Rusya''yı işgali sırasında, beş aristokrat ailenin hayatı üzerinden savaşın anlamsızlığını, tarihi olayların bireyler üzerindeki etkisini ve insan ruhunun derinliklerini anlatan dev bir eser.'),
(58, '9780143105822', 'Beyaz Diş', 13, 11, 'G-703', '1906-01-01', 'Kurt-köpek kırması olan Beyaz Diş''in, vahşi doğadaki hayatta kalma mücadelesinden insanların acımasız dünyasına, oradan da sevgi ve sadakati öğrendiği süreci anlatan bir macera romanıdır.'),
(59, '9780141321097', 'Gizli Bahçe', 15, 13, 'C-308', '1911-01-01', 'Hindistan''da ailesini kaybedip İngiltere''deki amcasının malikanesine gönderilen Mary Lennox''un, kilitli ve terk edilmiş bir bahçeyi keşfederek hem bahçeyi hem de kendisini iyileştirmesinin hikayesidir.'),
(60, '9780142437322', 'Frankenstein', 10, 8, 'L-1206', '1818-01-01', 'Bu, Mary Shelley''nin eserinin farklı bir baskısıdır. Bilimsel hırsın tehlikelerini ve yaratıcının yarattığına karşı sorumluluğunu sorgulayan, gotik edebiyatın temel taşıdır.'),
(61, '9789750811125', 'Masumiyet Müzesi', 11, 9, 'M-1310', '2008-08-29', 'Zengin bir iş adamı olan Kemal''in, uzak akrabası fakir Füsun''a duyduğu takıntılı aşkı ve bu aşk adına biriktirdiği eşyalardan oluşturduğu bir müzeyi anlatan, aşk, hafıza ve nostalji üzerine bir roman.'),
(62, '9780375757048', 'Körlük', 10, 8, 'F-606', '1995-01-01', 'José Saramago''nun bu eserinde, aniden ortaya çıkan ve hızla yayılan bir "beyaz körlük" salgını sonrası toplumun nasıl çöktüğü, insanların en temel içgüdüleriyle nasıl yüzleştiği anlatılır.'),
(63, '9780060935467', 'Fahrenheit 451', 14, 12, 'B-211', '1953-10-19', 'Kitapların yasaklandığı ve itfaiyecilerin kitapları yakmakla görevli olduğu bir gelecekte, işini sorgulamaya başlayan itfaiyeci Guy Montag''ın hikayesi. Sansür ve düşünce özgürlüğü üzerine bir distopya.'),
(64, '9780140430288', 'Gulliver''in Gezileri', 12, 10, 'C-309', '1726-10-28', 'Lemuel Gulliver''in cüceler ülkesi Lilliput, devler ülkesi Brobdingnag ve diğer fantastik topraklara yaptığı yolculuklar aracılığıyla insan doğasına ve toplum düzenine yönelik sert bir hiciv.'),
(65, '9780143107246', 'Walden', 9, 8, 'F-607', '1854-08-09', 'Henry David Thoreau''nun, Walden Gölü kenarında, doğayla iç içe ve basit bir yaşam sürdüğü iki yılını anlattığı, bireycilik, tüketim toplumu eleştirisi ve doğa sevgisi üzerine felsefi bir metin.'),
(66, '9780141199074', 'Yolda', 10, 8, 'D-405', '1957-09-05', 'Jack Kerouac''ın bu Beat Kuşağı manifestosu, Sal Paradise ve Dean Moriarty''nin, Amerika''yı baştan başa kat ettikleri, caz, şiir ve özgürlük arayışıyla dolu yolculuklarını anlatır.'),
(67, '9789750806961', 'Kara Kitap', 9, 7, 'M-1311', '1990-01-01', 'Avukat Galip''in, kendisini terk eden karısı Rüya''yı ve köşe yazarı kuzeni Celal''i İstanbul sokaklarında aramasını, bu arayış sırasında şehrin ve kendi kimliğinin katmanlarında kaybolmasını anlatan postmodern bir eser.'),
(68, '9780679732761', 'Yer altından Notlar', 11, 9, 'A-112', '1864-01-01', 'Dostoyevski''nin bu novellasında, toplumdan kendini soyutlamış, isimsiz bir anlatıcının, modern insanın yabancılaşmasını, rasyonalizme karşı isyanını ve irrasyonel doğasını anlattığı varoluşçu bir metin.'),
(69, '9780553212414', 'Robinson Crusoe', 13, 11, 'G-704', '1719-04-25', 'Bir gemi kazası sonucu ıssız bir adaya düşen Robinson Crusoe''nun, yirmi sekiz yıl boyunca tek başına hayatta kalma, doğayı evcilleştirme ve kendi medeniyetini kurma mücadelesi.'),
(70, '9780140449303', 'Faust', 8, 7, 'A-113', '1808-01-01', 'Goethe''nin bu başyapıtında, bilgiye olan açlığı tatmin olmayan Dr. Faust''un, ruhunu şeytan Mefistofeles''e satarak dünyevi zevkleri ve sınırsız bilgiyi tatma arayışının trajik hikayesi anlatılır.'),
(71, '9780486295536', 'Alice Harikalar Diyarında', 16, 14, 'C-310', '1865-11-26', 'Bir tavşan deliğinden düşerek fantastik bir dünyaya adım atan Alice''in, konuşan hayvanlar ve acayip karakterlerle dolu, mantık dışı ve absürt maceralarını anlatan bir çocuk klasiği.'),
(72, '9780141439839', 'Uğultulu Tepeler', 10, 8, 'A-114', '1847-12-01', 'Emily Brontë''nin bu tek romanı, Catherine Earnshaw ve Heathcliff arasındaki yıkıcı ve tutkulu aşkı, sınıf farklarını ve intikam arzusunu anlatan, gotik ve karanlık bir atmosferde geçer.'),
(73, '9780140440331', 'Karamazov Kardeşler', 7, 5, 'A-115', '1880-11-01', 'Dostoyevski''nin son ve en büyük romanı, baba katli davası etrafında, inanç, şüphe, özgür irade ve ahlak gibi derin felsefi sorunları üç kardeşin (Dimitri, İvan, Alyoşa) farklı karakterleri üzerinden tartışır.'),
(74, '9789750814522', 'Aylak Adam', 12, 11, 'M-1312', '1959-01-01', 'Yusuf Atılgan''ın bu romanı, modern kent yaşamında anlam arayan, çalışmayı reddeden ve "gerçek aşkı" bulmaya çalışan C. adlı bir entelektüelin yabancılaşmasını ve aylaklığını konu alır.'),
(75, '9780684833392', 'Silahlara Veda', 9, 8, 'D-406', '1929-01-01', 'Ernest Hemingway''in I. Dünya Savaşı sırasında İtalyan cephesinde geçen bu romanı, Amerikalı bir ambulans şoförü ile İngiliz bir hemşirenin savaşın acımasızlığı ortasında yeşeren trajik aşkını anlatır.'),
(76, '9780812979313', 'Yol', 8, 7, 'H-802', '2006-09-26', 'Cormac McCarthy''nin bu Pulitzer ödüllü romanı, kıyamet sonrası, küllerle kaplı bir dünyada hayatta kalmaya çalışan bir baba ve oğulun, güneye doğru umutsuz yolculuğunu anlatır.'),
(77, '9780316769488', 'Çavdar Tarlasında Çocuklar', 14, 12, 'D-407', '1951-07-16', 'J.D. Salinger''ın bu kült romanı, okuldan atılan ve yetişkin dünyasının sahtekarlığına isyan eden ergen Holden Caulfield''in, Noel''den önce New York''ta geçirdiği birkaç günü anlatır.'),
(78, '9780446310789', 'Rüzgar Gibi Geçti', 7, 6, 'D-408', '1936-06-30', 'Margaret Mitchell''in bu epik romanı, Amerikan İç Savaşı sırasında ve sonrasında, Güneyli güzel Scarlett O''Hara''nın hayatta kalma mücadelesini, aşklarını ve Rhett Butler ile olan çalkantılı ilişkisini konu alır.'),
(79, '9780743273565', 'Muhteşem Gatsby (Tekrar)', 9, 7, 'D-409', '1925-04-10', 'Bu, Fitzgerald''ın eserinin farklı bir baskısıdır. Zenginliğin ve partilerin ardındaki boşluğu ve Amerikan Rüyası''nın ulaşılamazlığını gözler önüne serer.'),
(80, '9780553213695', 'Suç ve Ceza (Tekrar)', 8, 6, 'A-116', '1866-01-01', 'Dostoyevski''nin başyapıtının farklı bir baskısı. Ahlaki ikilemler ve psikolojik derinlik üzerine bir şaheser.'),
(81, '9780140186352', 'Martin Eden', 10, 8, 'D-410', '1909-09-01', 'Jack London''ın otobiyografik izler taşıyan bu romanı, işçi sınıfından gelen genç Martin Eden''in, aşık olduğu zengin kıza layık olmak için kendini eğitip bir yazar olma mücadelesini ve sonunda ulaştığı başarıdan duyduğu hayal kırıklığını anlatır.'),
(82, '9780486272719', 'Zaman Makinesi', 12, 10, 'B-212', '1895-01-01', 'H.G. Wells''in bu bilim kurgu klasiğinde, bir zaman gezgininin, binlerce yıl geleceğe giderek insanlığın iki ayrı türe (masum Eloi''lar ve yeraltında yaşayan vahşi Morlock''lar) ayrıldığı bir dünyayı keşfetmesi anlatılır.'),
(83, '9780142000680', 'Fareler ve İnsanlar', 15, 13, 'D-411', '1937-01-01', 'John Steinbeck''in bu dokunaklı novellası, Büyük Buhran sırasında Kaliforniya''da çiftlikten çiftliğe dolaşan iki gezgin işçinin, zeki George ve onun zihinsel engelli ama güçlü arkadaşı Lennie''nin dostluğunu ve ortak hayallerini anlatır.'),
(84, '9780061120084', 'Bülbülü Öldürmek (Tekrar)', 12, 11, 'D-412', '1960-07-11', 'Harper Lee''nin Pulitzer ödüllü bu romanı, ırksal adaletsizlik ve masumiyetin kaybı üzerine zamansız bir hikaye sunar.'),
(85, '9789750719320', 'Anayurt Oteli', 10, 9, 'M-1313', '1973-01-01', 'Yusuf Atılgan''ın bu romanında, bir taşra kasabasındaki Anayurt Oteli''nin katibi Zebercet''in, bir gece otelde kalan ve geri döneceğini söyleyen gizemli bir kadını beklerken giderek yalnızlaşan ve psikolojik olarak çöken dünyası anlatılır.'),
(86, '9780140449266', 'Budala', 9, 7, 'A-117', '1869-01-01', 'Dostoyevski''nin bu eserinde, sara hastası ve aşırı iyi niyetli Prens Mışkin''in, çıkarcı ve tutkulu Rus sosyetesinin ortasında "tam anlamıyla iyi bir insan" olmanın trajedisi ve imkansızlığı işlenir.'),
(87, '9780143039655', 'Candide veya İyimserlik', 11, 10, 'F-608', '1759-01-01', 'Voltaire''in bu felsefi hicvi, "mümkün dünyaların en iyisinde yaşadığımıza" inanan saf genç Candide''in, dünyayı dolaşırken başına gelen felaketler aracılığıyla bu iyimser felsefenin çöküşünü anlatır.'),
(88, '9780141439471', 'David Copperfield', 8, 7, 'A-118', '1850-05-01', 'Charles Dickens''ın kendi hayatından esinlenerek yazdığı bu roman, David Copperfield''ın zorlu çocukluğundan başarılı bir yazar oluşuna kadar olan hayatını, birbirinden renkli karakterler eşliğinde anlatır.'),
(89, '9780393320978', 'Otomatik Portakal', 9, 7, 'B-213', '1962-01-01', 'Anthony Burgess''in bu distopik romanı, "ultra-şiddet" meraklısı genç Alex''in ve devletin onu "iyileştirmek" için uyguladığı beyin yıkama tekniğinin, özgür irade ve ahlak üzerine sorduğu rahatsız edici soruları ele alır.'),
(90, '9780156027328', 'Dava', 10, 8, 'F-609', '1925-01-01', 'Franz Kafka''nın bu eserinde, bir sabah uyandığında nedenini bilmediği bir suçtan dava edildiğini öğrenen Josef K.''nın, bürokrasinin ve hukuk sisteminin akıl almaz labirentlerindeki çaresiz mücadelesi anlatılır.'),
(91, '9789754730704', 'Fatih Harbiye', 13, 11, 'M-1314', '1931-01-01', 'Peyami Safa''nın bu romanı, geleneksel değerlerin temsilcisi Fatih semti ile Batılı yaşam tarzının simgesi Harbiye arasında kalan genç Neriman''ın içsel çatışmalarını ve kimlik arayışını konu alır.'),
(92, '9789750806213', 'Cevdet Bey ve Oğulları', 9, 8, 'M-1315', '1982-01-01', 'Orhan Pamuk''un ilk romanı, 20. yüzyılın başından 1970''lere kadar, Nişantaşılı bir tüccar ailesinin üç kuşağı üzerinden Türkiye''nin modernleşme serüvenini, aile bağlarını ve toplumsal değişimi anlatır.'),
(93, '9789750807210', 'Yer Demir Gök Bakır', 10, 9, 'M-1316', '1963-01-01', 'Yaşar Kemal''in bu romanı, Çukurova''da bir köy halkının, kuraklık ve yoksulluk karşısında yarattığı bir ermiş efsanesi olan "Taşbaş" etrafında kenetlenmesini ve bu mitin çöküşünü anlatır.'),
(94, '9780140455465', 'Ecinniler', 8, 6, 'A-119', '1872-01-01', 'Dostoyevski''nin en politik romanı olan Ecinniler, 19. yüzyıl Rusya''sında bir grup radikal entelektüelin nihilist fikirlerinin, bir taşra kasabasını nasıl kaosa ve yıkıma sürüklediğini anlatır.'),
(95, '9780140283334', 'Bir İdam Mahkumunun Son Günü', 11, 10, 'A-120', '1829-01-01', 'Victor Hugo''nun bu kısa romanı, giyotine gitmeyi bekleyen bir mahkumun son altı haftasındaki düşüncelerini, korkularını ve anılarını birinci tekil şahıs ağzından anlatarak idam cezasına karşı güçlü bir eleştiri sunar.'),
(96, '9780142437179', 'Define Adası', 14, 12, 'C-311', '1883-01-01', 'Robert Louis Stevenson''ın bu klasik macera romanı, genç Jim Hawkins''in bulduğu bir define haritasıyla çıktığı tehlikeli deniz yolculuğunu, korsanları ve gömülü hazine avını anlatır.'),
(97, '9780143105990', 'Madame Bovary', 9, 8, 'A-121', '1856-01-01', 'Gustave Flaubert''in bu realist başyapıtı, sıkıcı taşra hayatından ve sıradan evliliğinden bunalan Emma Bovary''nin, okuduğu romanlardaki gibi tutkulu bir hayat ve lüks arayışıyla girdiği yasak ilişkileri ve trajik sonunu anlatır.'),
(98, '9780064400558', 'Charlotte''un Sevgi Ağı', 15, 14, 'C-312', '1952-10-15', 'E.B. White''ın bu sevilen çocuk klasiği, kesilmekten kurtulmak isteyen Wilbur adlı domuz ile onu kurtarmak için ağına övgü dolu sözler yazan Charlotte adlı bir örümceğin dokunaklı dostluk hikayesidir.'),
(99, '9780140449426', 'İvan İlyiç''in Ölümü', 12, 11, 'A-122', '1886-01-01', 'Tolstoy''un bu güçlü novellası, başarılı ama yüzeysel bir hayat sürmüş olan yüksek rütbeli yargıç İvan İlyiç''in, ölümcül bir hastalıkla yüzleşirken hayatının anlamsızlığını fark edişini ve yaşadığı manevi dönüşümü anlatır.'),
(100, '9789750807029', 'Huzur', 10, 8, 'M-1317', '1949-01-01', 'Ahmet Hamdi Tanpınar''ın bu romanı, II. Dünya Savaşı''nın arifesinde, İstanbul''da yaşayan bir grup aydının (Mümtaz, Nuran, Suat, İhsan) hayatları üzerinden aşk, hastalık, medeniyet, tarih ve sanat gibi temaları derinlemesine işler.');

SET IDENTITY_INSERT dbo.Books OFF;
SET IDENTITY_INSERT dbo.BookImage ON;

-- Kitap Resimleri (BookImages) - 100 Adet
-- Not: ISBN'e göre OpenLibrary'den kapak resmi çeker.
INSERT INTO dbo.BookImage (Id, BookId, ImageUrl, IsPrimary, Caption) VALUES
(1, 1, 'https://covers.openlibrary.org/b/isbn/9780451524935-L.jpg', 1, '1984 Kitap Kapağı'),
(2, 2, 'https://covers.openlibrary.org/b/isbn/9780618640157-L.jpg', 1, 'Yüzüklerin Efendisi Kitap Kapağı'),
(3, 3, 'https://covers.openlibrary.org/b/isbn/9780747532743-L.jpg', 1, 'Harry Potter Kitap Kapağı'),
(4, 4, 'https://covers.openlibrary.org/b/isbn/9780140449136-L.jpg', 1, 'Suç ve Ceza Kitap Kapağı'),
(5, 5, 'https://covers.openlibrary.org/b/isbn/9780140447934-L.jpg', 1, 'Anna Karenina Kitap Kapağı'),
(6, 6, 'https://covers.openlibrary.org/b/isbn/9780061120084-L.jpg', 1, 'Bülbülü Öldürmek Kitap Kapağı'),
(7, 7, 'https://covers.openlibrary.org/b/isbn/9780743273565-L.jpg', 1, 'Muhteşem Gatsby Kitap Kapağı'),
(8, 8, 'https://covers.openlibrary.org/b/isbn/9780141439518-L.jpg', 1, 'Aşk ve Gurur Kitap Kapağı'),
(9, 9, 'https://covers.openlibrary.org/b/isbn/9780060883287-L.jpg', 1, 'Yüzyıllık Yalnızlık Kitap Kapağı'),
(10, 10, 'https://covers.openlibrary.org/b/isbn/9780805211357-L.jpg', 1, 'Dönüşüm Kitap Kapağı'),
(11, 11, 'https://covers.openlibrary.org/b/isbn/9780679720218-L.jpg', 1, 'Yabancı Kitap Kapağı'),
(12, 12, 'https://covers.openlibrary.org/b/isbn/9780140177398-L.jpg', 1, 'Gazap Üzümleri Kitap Kapağı'),
(13, 13, 'https://covers.openlibrary.org/b/isbn/9780684801223-L.jpg', 1, 'Yaşlı Adam ve Deniz Kitap Kapağı'),
(14, 14, 'https://covers.openlibrary.org/b/isbn/9780060850524-L.jpg', 1, 'Cesur Yeni Dünya Kitap Kapağı'),
(15, 15, 'https://covers.openlibrary.org/b/isbn/9780399501487-L.jpg', 1, 'Sineklerin Tanrısı Kitap Kapağı'),
(16, 16, 'https://covers.openlibrary.org/b/isbn/9780156012195-L.jpg', 1, 'Küçük Prens Kitap Kapağı'),
(17, 17, 'https://covers.openlibrary.org/b/isbn/9780061122415-L.jpg', 1, 'Simyacı Kitap Kapağı'),
(18, 18, 'https://covers.openlibrary.org/b/isbn/9780307474278-L.jpg', 1, 'Da Vinci Şifresi Kitap Kapağı'),
(19, 19, 'https://covers.openlibrary.org/b/isbn/9780062316097-L.jpg', 1, 'Sapiens Kitap Kapağı'),
(20, 20, 'https://covers.openlibrary.org/b/isbn/9780307743657-L.jpg', 1, 'Medyum Kitap Kapağı'),
(21, 21, 'https://covers.openlibrary.org/b/isbn/9780142437230-L.jpg', 1, 'Don Kişot Kapağı'),
(22, 22, 'https://covers.openlibrary.org/b/isbn/9780451527936-L.jpg', 1, 'Sefiller Kapağı'),
(23, 23, 'https://covers.openlibrary.org/b/isbn/9780141439600-L.jpg', 1, 'İki Şehrin Hikayesi Kapağı'),
(24, 24, 'https://covers.openlibrary.org/b/isbn/9780143039563-L.jpg', 1, 'Tom Sawyer Kapağı'),
(25, 25, 'https://covers.openlibrary.org/b/isbn/9780553208844-L.jpg', 1, 'Siddhartha Kapağı'),
(26, 26, 'https://covers.openlibrary.org/b/isbn/9780486264721-L.jpg', 1, 'Vahşetin Çağrısı Kapağı'),
(27, 27, 'https://covers.openlibrary.org/b/isbn/9780140449273-L.jpg', 1, 'Denizler Altında Yirmi Bin Fersah Kapağı'),
(28, 28, 'https://covers.openlibrary.org/b/isbn/9780140440157-L.jpg', 1, 'Monte Kristo Kontu Kapağı'),
(29, 29, 'https://covers.openlibrary.org/b/isbn/9780486280614-L.jpg', 1, 'Frankenstein Kapağı'),
(30, 30, 'https://covers.openlibrary.org/b/isbn/9780486411095-L.jpg', 1, 'Dracula Kapağı'),
(31, 31, 'https://covers.openlibrary.org/b/isbn/9780141441771-L.jpg', 1, 'Dorian Gray''in Portresi Kapağı'),
(32, 32, 'https://covers.openlibrary.org/b/isbn/9781599869773-L.jpg', 1, 'Savaş Sanatı Kapağı'),
(33, 33, 'https://covers.openlibrary.org/b/isbn/9780140449150-L.jpg', 1, 'Prens Kapağı'),
(34, 34, 'https://covers.openlibrary.org/b/isbn/9780553803716-L.jpg', 1, 'Vakıf Kapağı'),
(35, 35, 'https://covers.openlibrary.org/b/isbn/9780451457998-L.jpg', 1, '2001: Bir Uzay Destanı Kapağı'),
(36, 36, 'https://covers.openlibrary.org/b/isbn/9780345339683-L.jpg', 1, 'Androidler Elektrikli Koyun Düşler mi? Kapağı'),
(37, 37, 'https://covers.openlibrary.org/b/isbn/9780441013593-L.jpg', 1, 'Dune Kapağı'),
(38, 38, 'https://covers.openlibrary.org/b/isbn/9780345391803-L.jpg', 1, 'Otostopçunun Galaksi Rehberi Kapağı'),
(39, 39, 'https://covers.openlibrary.org/b/isbn/9780064471046-L.jpg', 1, 'Aslan, Cadı ve Dolap Kapağı'),
(40, 40, 'https://covers.openlibrary.org/b/isbn/9780062073488-L.jpg', 1, 'Doğu Ekspresinde Cinayet Kapağı'),
(41, 41, 'https://covers.openlibrary.org/b/isbn/9780140436341-L.jpg', 1, 'Sherlock Holmes Kapağı'),
(42, 42, 'https://covers.openlibrary.org/b/isbn/9780486268712-L.jpg', 1, 'Kuzgun Kapağı'),
(43, 43, 'https://covers.openlibrary.org/b/isbn/9780141187491-L.jpg', 1, 'Cthulhu''nun Çağrısı Kapağı'),
(44, 44, 'https://covers.openlibrary.org/b/isbn/9789753638029-L.jpg', 1, 'Kürk Mantolu Madonna Kapağı'),
(45, 45, 'https://covers.openlibrary.org/b/isbn/9789750808620-L.jpg', 1, 'Benim Adım Kırmızı Kapağı'),
(46, 46, 'https://covers.openlibrary.org/b/isbn/9789750807104-L.jpg', 1, 'İnce Memed Kapağı'),
(47, 47, 'https://covers.openlibrary.org/b/isbn/9789750500858-L.jpg', 1, 'Tutunamayanlar Kapağı'),
(48, 48, 'https://covers.openlibrary.org/b/isbn/9789754370493-L.jpg', 1, 'Dokuzuncu Hariciye Koğuşu Kapağı'),
(49, 49, 'https://covers.openlibrary.org/b/isbn/9750720562-L.jpg', 1, 'Sinekli Bakkal Kapağı'),
(50, 50, 'https://covers.openlibrary.org/b/isbn/9789751021272-L.jpg', 1, 'Çalıkuşu Kapağı'),
(51, 51, 'https://covers.openlibrary.org/b/isbn/9789759952548-L.jpg', 1, 'Saatleri Ayarlama Enstitüsü Kapağı'),
(52, 52, 'https://covers.openlibrary.org/b/isbn/9789750500834-L.jpg', 1, 'Puslu Kıtalar Atlası Kapağı'),
(53, 53, 'https://covers.openlibrary.org/b/isbn/9780142437223-L.jpg', 1, 'İlahi Komedya Kapağı'),
(54, 54, 'https://covers.openlibrary.org/b/isbn/9780140275360-L.jpg', 1, 'Odysseia Kapağı'),
(55, 55, 'https://covers.openlibrary.org/b/isbn/9780140446041-L.jpg', 1, 'Denemeler Kapağı'),
(56, 56, 'https://covers.openlibrary.org/b/isbn/9780141439594-L.jpg', 1, 'Jane Eyre Kapağı'),
(57, 57, 'https://covers.openlibrary.org/b/isbn/9780553213114-L.jpg', 1, 'Savaş ve Barış Kapağı'),
(58, 58, 'https://covers.openlibrary.org/b/isbn/9780143105822-L.jpg', 1, 'Beyaz Diş Kapağı'),
(59, 59, 'https://covers.openlibrary.org/b/isbn/9780141321097-L.jpg', 1, 'Gizli Bahçe Kapağı'),
(60, 60, 'https://covers.openlibrary.org/b/isbn/9780142437322-L.jpg', 1, 'Frankenstein Kapağı'),
(61, 61, 'https://covers.openlibrary.org/b/isbn/9789750811125-L.jpg', 1, 'Masumiyet Müzesi Kapağı'),
(62, 62, 'https://covers.openlibrary.org/b/isbn/9780375757048-L.jpg', 1, 'Körlük Kapağı'),
(63, 63, 'https://covers.openlibrary.org/b/isbn/9780060935467-L.jpg', 1, 'Fahrenheit 451 Kapağı'),
(64, 64, 'https://covers.openlibrary.org/b/isbn/9780140430288-L.jpg', 1, 'Gulliver''in Gezileri Kapağı'),
(65, 65, 'https://covers.openlibrary.org/b/isbn/9780143107246-L.jpg', 1, 'Walden Kapağı'),
(66, 66, 'https://covers.openlibrary.org/b/isbn/9780141199074-L.jpg', 1, 'Yolda Kapağı'),
(67, 67, 'https://covers.openlibrary.org/b/isbn/9789750806961-L.jpg', 1, 'Kara Kitap Kapağı'),
(68, 68, 'https://covers.openlibrary.org/b/isbn/9780679732761-L.jpg', 1, 'Yer altından Notlar Kapağı'),
(69, 69, 'https://covers.openlibrary.org/b/isbn/9780553212414-L.jpg', 1, 'Robinson Crusoe Kapağı'),
(70, 70, 'https://covers.openlibrary.org/b/isbn/9780140449303-L.jpg', 1, 'Faust Kapağı'),
(71, 71, 'https://covers.openlibrary.org/b/isbn/9780486295536-L.jpg', 1, 'Alice Harikalar Diyarında Kapağı'),
(72, 72, 'https://covers.openlibrary.org/b/isbn/9780141439839-L.jpg', 1, 'Uğultulu Tepeler Kapağı'),
(73, 73, 'https://covers.openlibrary.org/b/isbn/9780140440331-L.jpg', 1, 'Karamazov Kardeşler Kapağı'),
(74, 74, 'https://covers.openlibrary.org/b/isbn/9789750814522-L.jpg', 1, 'Aylak Adam Kapağı'),
(75, 75, 'https://covers.openlibrary.org/b/isbn/9780684833392-L.jpg', 1, 'Silahlara Veda Kapağı'),
(76, 76, 'https://covers.openlibrary.org/b/isbn/9780812979313-L.jpg', 1, 'Yol Kapağı'),
(77, 77, 'https://covers.openlibrary.org/b/isbn/9780316769488-L.jpg', 1, 'Çavdar Tarlasında Çocuklar Kapağı'),
(78, 78, 'https://covers.openlibrary.org/b/isbn/9780446310789-L.jpg', 1, 'Rüzgar Gibi Geçti Kapağı'),
(79, 79, 'https://covers.openlibrary.org/b/isbn/9780743273565-L.jpg', 1, 'Muhteşem Gatsby Kapağı'),
(80, 80, 'https://covers.openlibrary.org/b/isbn/9780553213695-L.jpg', 1, 'Suç ve Ceza Kapağı'),
(81, 81, 'https://covers.openlibrary.org/b/isbn/9780140186352-L.jpg', 1, 'Martin Eden Kapağı'),
(82, 82, 'https://covers.openlibrary.org/b/isbn/9780486272719-L.jpg', 1, 'Zaman Makinesi Kapağı'),
(83, 83, 'https://covers.openlibrary.org/b/isbn/9780142000680-L.jpg', 1, 'Fareler ve İnsanlar Kapağı'),
(84, 84, 'https://covers.openlibrary.org/b/isbn/9780061120084-L.jpg', 1, 'Bülbülü Öldürmek Kapağı'),
(85, 85, 'https://covers.openlibrary.org/b/isbn/9789750719320-L.jpg', 1, 'Anayurt Oteli Kapağı'),
(86, 86, 'https://covers.openlibrary.org/b/isbn/9780140449266-L.jpg', 1, 'Budala Kapağı'),
(87, 87, 'https://covers.openlibrary.org/b/isbn/9780143039655-L.jpg', 1, 'Candide Kapağı'),
(88, 88, 'https://covers.openlibrary.org/b/isbn/9780141439471-L.jpg', 1, 'David Copperfield Kapağı'),
(89, 89, 'https://covers.openlibrary.org/b/isbn/9780393320978-L.jpg', 1, 'Otomatik Portakal Kapağı'),
(90, 90, 'https://covers.openlibrary.org/b/isbn/9780156027328-L.jpg', 1, 'Dava Kapağı'),
(91, 91, 'https://covers.openlibrary.org/b/isbn/9789754730704-L.jpg', 1, 'Fatih Harbiye Kapağı'),
(92, 92, 'https://covers.openlibrary.org/b/isbn/9789750806213-L.jpg', 1, 'Cevdet Bey ve Oğulları Kapağı'),
(93, 93, 'https://covers.openlibrary.org/b/isbn/9789750807210-L.jpg', 1, 'Yer Demir Gök Bakır Kapağı'),
(94, 94, 'https://covers.openlibrary.org/b/isbn/9780140455465-L.jpg', 1, 'Ecinniler Kapağı'),
(95, 95, 'https://covers.openlibrary.org/b/isbn/9780140283334-L.jpg', 1, 'Bir İdam Mahkumunun Son Günü Kapağı'),
(96, 96, 'https://covers.openlibrary.org/b/isbn/9780142437179-L.jpg', 1, 'Define Adası Kapağı'),
(97, 97, 'https://covers.openlibrary.org/b/isbn/9780143105990-L.jpg', 1, 'Madame Bovary Kapağı'),
(98, 98, 'https://covers.openlibrary.org/b/isbn/9780064400558-L.jpg', 1, 'Charlotte''un Sevgi Ağı Kapağı'),
(99, 99, 'https://covers.openlibrary.org/b/isbn/9780140449426-L.jpg', 1, 'İvan İlyiç''in Ölümü Kapağı'),
(100, 100, 'https://covers.openlibrary.org/b/isbn/9789750807029-L.jpg', 1, 'Huzur Kapağı');

SET IDENTITY_INSERT dbo.BookImage OFF;

INSERT INTO dbo.BookAuthors (BooksId, AuthorsId) VALUES
(1, 1), (2, 2), (3, 3), (4, 4), (5, 5), (6, 6), (7, 7), (8, 8), (9, 9), (10, 10),
(11, 11), (12, 12), (13, 13), (14, 14), (15, 15), (16, 16), (17, 17), (18, 18), (19, 19), (20, 20),
(21, 21), (22, 22), (23, 23), (24, 24), (25, 25), (26, 26), (27, 27), (28, 28), (29, 29), (30, 30),
(31, 31), (32, 32), (33, 33), (34, 34), (35, 35), (36, 36), (37, 37), (38, 38), (39, 39), (40, 40),
(41, 41), (42, 42), (43, 43), (44, 44), (45, 45), (46, 46), (47, 47), (48, 48), (49, 49), (50, 50),
(51, 51), (52, 52), (53, 53), (54, 54), (55, 55), (56, 8), (57, 5), (58, 26), (59, 1), -- Yazarı bilinmeyenler için genel bir yazar atanabilir veya bu kayıtlar atlanabilir. Burada örnek olarak 1 atandı.
(60, 29), (61, 45), (62, 1), (63, 14), (64, 1), (65, 1), (66, 1), (67, 45), (68, 4), (69, 1), (70, 1),
(71, 1), (72, 1), (73, 4), (74, 47), (75, 13), (76, 1), (77, 1), (78, 1), (79, 7), (80, 4),
(81, 26), (82, 1), (83, 12), (84, 6), (85, 47), (86, 4), (87, 1), (88, 23), (89, 1), (90, 10),
(91, 48), (92, 45), (93, 46), (94, 4), (95, 22), (96, 1), (97, 1), (98, 1), (99, 5), (100, 51);

-- Kitap-Kategori İlişkileri (BookCategory)
INSERT INTO dbo.BookCategories (BooksId, CategoriesId) VALUES
-- Dünya Edebiyatı Klasikleri
(1, 2), (1, 4), (1, 5), (1, 6), 
(2, 3), (2, 4), (2, 6),
(3, 3), (3, 6), (3, 10),
(4, 4), (4, 6), (4, 13),
(5, 4), (5, 6), (5, 13),
(6, 4), (6, 6),
(7, 4), (7, 6),
(8, 4), (8, 6),
(9, 4), (9, 6),
(10, 4), (10, 6), (10, 8),
(11, 4), (11, 6), (11, 8),
(12, 4), (12, 6),
(13, 4), (13, 6),
(14, 2), (14, 4), (14, 5), (14, 6),
(15, 4), (15, 6),
(16, 8), (16, 10),
(17, 6), (17, 8),
(18, 6), (18, 9), (18, 12),
(19, 7), (19, 8),
(20, 6), (20, 9), (20, 11),
(21, 4), (21, 6),
(22, 4), (22, 6), (22, 7),
(23, 4), (23, 6), (23, 7),
(24, 6), (24, 10),
(25, 6), (25, 8),
(26, 6),
(27, 2), (27, 4), (27, 6),
(28, 4), (28, 6),
(29, 2), (29, 4), (29, 6), (29, 11),
(30, 4), (30, 6), (30, 11),
(31, 4), (31, 6), (31, 8),
(32, 7), (32, 8),
(33, 7), (33, 8),
(34, 2), (34, 4), (34, 6),
(35, 2), (35, 4), (35, 6),
(36, 2), (36, 4), (36, 6),
(37, 2), (37, 3), (37, 4), (37, 6),
(38, 2), (38, 6),
(39, 3), (39, 6), (39, 10),
(40, 4), (40, 9), (40, 12),
(41, 4), (41, 9), (41, 12),
(42, 4), (42, 11), (42, 15),
(43, 4), (43, 11),
-- Türk Edebiyatı
(44, 6), (44, 13),
(45, 6), (45, 7), (45, 13),
(46, 6), (46, 13),
(47, 6), (47, 8), (47, 13),
(48, 6), (48, 13),
(49, 6), (49, 7), (49, 13),
(50, 6), (50, 13),
(51, 6), (51, 8), (51, 13),
(52, 3), (52, 6), (52, 7), (52, 8), (52, 13),
(53, 4), (53, 15),
(54, 4), (54, 15),
(55, 8), (55, 14),
(56, 4), (56, 6),
(57, 4), (57, 6), (57, 7),
(58, 6),
(59, 6), (59, 10),
(60, 4), (60, 6), (60, 11),
(61, 6), (61, 7), (61, 13),
(62, 5), (62, 6), (62, 8),
(63, 2), (63, 5), (63, 6),
(64, 3), (64, 6), (64, 8),
(65, 8), (65, 14),
(66, 6),
(67, 6), (67, 8), (67, 9), (67, 13),
(68, 4), (68, 6), (68, 8),
(69, 4), (69, 6),
(70, 4), (70, 8), (70, 15),
(71, 3), (71, 10),
(72, 4), (72, 6), (72, 11),
(73, 4), (73, 6), (73, 8),
(74, 6), (74, 8), (74, 13),
(75, 4), (75, 6), (75, 7),
(76, 2), (76, 5), (76, 6),
(77, 6),
(78, 4), (78, 6), (78, 7),
(81, 4), (81, 6),
(82, 2), (82, 4), (82, 6),
(83, 4), (83, 6),
(85, 6), (85, 8), (85, 13),
(86, 4), (86, 6), (86, 8),
(87, 4), (87, 6), (87, 8),
(88, 4), (88, 6),
(89, 2), (89, 5), (89, 6),
(90, 4), (90, 6), (90, 8),
(91, 6), (91, 13),
(92, 6), (92, 7), (92, 13),
(93, 6), (93, 13),
(94, 4), (94, 6), (94, 7), (94, 8),
(95, 4), (95, 6), (95, 7),
(96, 6), (96, 10),
(97, 4), (97, 6),
(98, 10),
(99, 4), (99, 6), (99, 8),
(100, 6), (100, 7), (100, 8), (100, 13);

-- Kitap-Etiket İlişkileri (BookTag)
INSERT INTO dbo.BookTags (BooksId, TagsId) VALUES
(1, 2), (1, 8), (1, 12),
(2, 1), (2, 4), (2, 11),
(3, 1), (3, 3),
(4, 5), (4, 35),
(5, 6), (5, 8),
(6, 8), (6, 18),
(7, 6), (7, 7), (7, 18),
(8, 6), (8, 8),
(9, 6), (9, 9),
(10, 9), (10, 10), (10, 35),
(11, 9), (11, 10),
(12, 8), (12, 11), (12, 18),
(13, 1), (13, 11),
(14, 2), (14, 12), (14, 26),
(15, 8), (15, 11),
(16, 1), (16, 10),
(17, 1), (17, 10), (17, 19),
(18, 1), (18, 15), (18, 32),
(19, 14),
(20, 11), (20, 15),
(21, 1), (21, 16), (21, 30),
(22, 6), (22, 8), (22, 17),
(23, 6), (23, 13), (23, 17),
(24, 1), (24, 18), (24, 30),
(25, 10), (25, 19),
(26, 1), (26, 11),
(27, 1), (27, 11), (27, 20),
(28, 1), (28, 5), (28, 11),
(29, 11), (29, 21), (29, 26),
(30, 11), (30, 15), (30, 21),
(31, 6), (31, 21), (31, 35),
(32, 13), (32, 22),
(33, 22), (33, 23),
(34, 12), (34, 23), (34, 27),
(35, 12), (35, 27), (35, 28),
(36, 12), (36, 28), (36, 29),
(37, 1), (37, 12), (37, 23),
(38, 12), (38, 27), (38, 30),
(39, 1), (39, 3), (39, 31),
(40, 5), (40, 15), (40, 32),
(41, 5), (41, 15), (41, 32),
(42, 9), (42, 21),
(43, 9), (43, 11), (43, 21),
(44, 6), (44, 9), (44, 33), (44, 35),
(45, 6), (45, 32), (45, 34),
(46, 8), (46, 11), (46, 33),
(47, 9), (47, 10), (47, 34), (47, 35),
(48, 33), (48, 35),
(49, 6), (49, 8), (49, 33),
(50, 6), (50, 8), (50, 33),
(51, 8), (51, 30), (51, 34),
(52, 1), (52, 9), (52, 34),
(53, 10), (53, 36),
(54, 1), (54, 13), (54, 36),
(55, 10),
(56, 6), (56, 8), (56, 21),
(57, 6), (57, 8), (57, 13),
(58, 1), (58, 11),
(59, 1), (59, 9),
(61, 6), (61, 9), (61, 34),
(62, 8), (62, 10), (62, 11),
(63, 2), (63, 8), (63, 12),
(64, 1), (64, 8), (64, 30),
(65, 8), (65, 9), (65, 10),
(66, 1), (66, 18),
(67, 6), (67, 9), (67, 32), (67, 34),
(68, 9), (68, 10), (68, 35),
(69, 1), (69, 11),
(70, 6), (70, 10),
(71, 1), (71, 3), (71, 30),
(72, 6), (72, 9), (72, 21),
(73, 5), (73, 6), (73, 10), (73, 35),
(74, 9), (74, 10), (74, 33), (74, 35),
(75, 6), (75, 13),
(76, 9), (76, 11), (76, 12),
(77, 8), (77, 9), (77, 18),
(78, 6), (78, 8), (78, 13), (78, 18),
(81, 6), (81, 8), (81, 19),
(82, 1), (82, 12), (82, 26),
(83, 8), (83, 9), (83, 11),
(85, 9), (85, 33), (85, 35),
(86, 6), (86, 10), (86, 35),
(87, 1), (87, 8), (87, 30),
(88, 8), (88, 17),
(89, 2), (89, 8), (89, 12), (89, 35),
(90, 8), (90, 9), (90, 10),
(91, 6), (91, 8), (91, 33),
(92, 8), (92, 33),
(93, 8), (93, 33),
(94, 8), (94, 10), (94, 23),
(95, 5), (95, 8),
(96, 1), (96, 11),
(97, 6), (97, 8),
(98, 6), (98, 11),
(99, 9), (99, 10), (99, 35),
(100, 6), (100, 8), (100, 9), (100, 33);